,name,time,tweet,Source,Likes,RTs,Localization
0,anakin12,2022-11-10 16:53:55+00:00,"@swmu09 @lauvinia_ @_Sara_Rachel @felipeneto E na boa irmÃ£o, vota em qm vc quiser, Lula, bolsonaro, Ciro,  Tebet, eâ€¦ https://t.co/Lb8KY3KPUK",Twitter for Android,0,0,
1,ğŸ’¢ğŸŒ¹ #FreeAssange - Feliz em fazer parte dos 3%,2022-11-10 16:44:29+00:00,"@lord_of_the_tt @HCesconeto @LadislauTopera @Lucasnicooo @felipeneto kkkkkkkkkkkkkkkkkkkkkkkkk

mano, eu to falandoâ€¦ https://t.co/gReUnbbKwI",Twitter Web App,0,0,Brasil
2,"EÃ¤rendil, the Mariner",2022-11-10 15:50:43+00:00,@Lucasnicooo @LadislauTopera @esse_trem_ae @HCesconeto @felipeneto sera que nao Ã© pq o ceara tem uma das melhores pâ€¦ https://t.co/NdVWFyIZeb,Twitter Web App,0,0,Ekkaia
3,Angela Aparecida,2022-11-10 03:39:29+00:00,"Pai Augusto faz previsÃµes sobre futuro de Lula, Bolsonaro, Tebet e Ciro - Politica - Estado de Minas https://t.co/44uTnpLVGu",Twitter Web App,0,0,
4,rapaz latino-americano,2022-11-09 21:13:40+00:00,"Vou dizer, viu: lula pegou uma bomba com o fim do governo Bolsonaro. NÃ£o tem dinheiro pra nada. Terra arrasada. Corâ€¦ https://t.co/eOTiDO48J6",Twitter for Android,5,1,"Caruaru, Brasil"
5,Levi Alfeu,2022-11-09 21:08:38+00:00,"@MarceloSC_2 @marceloska08 @caiobotelho @LulaOficial @ricardostuckert Qualquer outro ganharia Lula, se o Bolsonaroâ€¦ https://t.co/Lj4EMk9ZEa",Twitter for Android,0,0,
6,Monique Santana,2022-11-09 18:27:01+00:00,"@FeCamargo @UOL Pois Ã©,tem que ser muito ingÃªnuo achar que qualquer um que fosse eleito((Lula,Bolsonaro,Tebet ou Ciâ€¦ https://t.co/CsQh6fsc3Z",Twitter for Android,22,0,
7,Key,2022-11-09 17:50:30+00:00,@ExtremelyCursed @Socram639 @betinho_jrr @GustavoMinerva NÃ£o tenho a menor dÃºvida que Simone Tebet ganharia tranquiâ€¦ https://t.co/3uvvmJ1tO7,Twitter Web App,1,0,
8,Iara e Nicole,2022-11-09 13:19:19+00:00,"@jbnfoglia @Jesussgjo @geraldoalckmin @LulaOficial SÃ³ no Brasil mesmo, para ter em uma disputa eleitoral, com Ciroâ€¦ https://t.co/UshBgzgD8g",Twitter for Android,0,0,
9,Beatriz,2022-11-09 06:49:46+00:00,"@forkyah Meu amor, Tebet tava pendurada em Lula fazendo campanha pra ela e atrÃ¡s de cargo (q ganhou),Ciro nÃ£o tavaâ€¦ https://t.co/GOqvGsYOF5",Twitter for Android,3,0,"ParaÃ­ba, Brasil"
10,Jacques Villeneuve,2022-11-09 01:17:54+00:00,@S_c_h_n_e_i_d_ @IBO53768085 @cirogomes NinguÃ©m tem de ser isento de crÃ­ticas e a crÃ­tica que Ciro fez foi pertinenâ€¦ https://t.co/YBVAlWHMGA,Twitter Web App,0,0,"Cabo de Santo Agostinho, PE"
11,Vitor Hugo Bacic Pessoa Vidal,2022-11-09 00:20:59+00:00,@Meiri99738985 @BastosPuchalski @leandroreiter @LarretaNews VocÃª acha que nÃ£o querer Lula automaticamente faz o povâ€¦ https://t.co/oD18MI9v2i,Twitter Web App,0,1,
12,Ã© o meia do youtube po,2022-11-08 23:18:58+00:00,"@obourick todo mundo fala de lula e bolsonaro e bla bla bla
mas e se o 2 turno fosse o ciro e a tebet, ia em quem?",Twitter for Android,0,0,seus sonhos
13,Volnei Schuh,2022-11-08 20:30:26+00:00,"Quem disse a seguinte frase um tempo atrÃ¡s:
""""Chega de frescura e de mimimi , vÃ£o ficar chorando atÃ© quando?"" 
(â€¦ https://t.co/gLfXubeos6",Twitter Web App,0,0,"Torres, Brasil"
14,Cris Lopes,2022-11-08 18:25:34+00:00,@OGloboPolitica Apesar da Tebet ter apoiado o Lula no segundo turno os votos dela e do Ciro PDT foram massivamenteâ€¦ https://t.co/QyV5d3JQWV,Twitter for iPhone,0,0,"SÃ£o Paulo, Brasil"
15,Luh Dworak ğŸ¥‚ğŸ¥³,2022-11-08 17:25:22+00:00,"@_MariahNunes @JoseRob24292774 @felipeneto Agora na boa, diferente de vcs me explica uma coisa que eu quero entendeâ€¦ https://t.co/lhTl0lUich",Twitter for Android,0,0,"CuiabÃ¡, Brasil"
16,Pedro Ferreira,2022-11-08 15:16:55+00:00,"@LarissaDeLuca_ Mas existem muitos que ainda tÃªm vergonha de admitir que apoiam corrupto.
Quando vem com â€œNÃ£o votoâ€¦ https://t.co/ijZYZmkfwI",Twitter for iPhone,5,0,"Rio Grande do Sul, Brasil"
17,"ParabÃ©ns, ciristas!",2022-11-08 13:33:09+00:00,"@petrius @jfernandaBrasil @LulaOficial Cidades onde Ciro ganhou votos, cara! O maioria foram no nordeste e todos osâ€¦ https://t.co/ur7hbezSmk",Twitter for Android,0,0,
18,lf,2022-11-08 13:17:54+00:00,@JiiveshDevaBR @augustodeAB NÃ£o entendi a correlaÃ§Ã£o. Tem gente mais inteligente que eu e vocÃª que votou em Bolsonaâ€¦ https://t.co/57e0w2D9ji,Twitter for Android,1,0,"Rio de Janeiro, Brasil"
19,Guilherme Maia,2022-11-08 10:15:00+00:00,"@tiagobatcardoso Sou contra um vagabundo qualquer( Lula) ser condenado e depois descondenado.

Acha que estou defenâ€¦ https://t.co/tQNWmpO21t",Twitter for iPhone,0,0,Georgia
20,Vampire do Bem ğŸŒ¹ğŸ‡§ğŸ‡·ğŸŒˆ,2022-11-08 05:26:14+00:00,"@vivas_bianca @MichelePradoBa Afinal, como a srta sabe que realmente Tebet ou Ciro nÃ£o teriam dado um banho muito mâ€¦ https://t.co/17cTFLcFyY",Twitter Web App,0,0,SÃ£o Paulo
21,Gabriel Sampaio âš«âšªğŸ¦… (65/45),2022-11-08 03:13:17+00:00,@KessioDione @choquei Vai torcer contra o Ney que vai representar o nosso paÃ­s na copa pq ele votou no Bolsonaro? Fâ€¦ https://t.co/SNN6qhgG2U,Twitter for Android,0,0,
22,Aline,2022-11-08 02:44:06+00:00,"@oliviasantana65 @jonesmanoel_PCB O Lula estava 5 milhÃµes de votos na frente no primeiro turno, no segundo turno foâ€¦ https://t.co/T5q9SWEIgt",Twitter for Android,0,0,
23,Carlos Biady,2022-11-08 02:35:39+00:00,"@ronaldaraujjo22 @itatiaia Preso!

NÃ£o Ã© questÃ£o ser Bolsonaro x Lula, mas o cara era pra estar preso pÃ´. 

Se fossâ€¦ https://t.co/O8xeVujBFh",Twitter for Android,1,0,
24,Gustavo Ferreira,2022-11-08 01:41:08+00:00,@MazitaChaves @elzamariana Repito : nem Ciro e nem Tebet teriam os 45% que o Lula teve no Rio de Janeiro e em SÃ£o Pâ€¦ https://t.co/Xe0yQBdI4C,Twitter for Android,2,0,
25,Gustavo Ferreira,2022-11-07 22:37:32+00:00,"@SissyRibs @elzamariana NinguÃ©m nega. Mas tambÃ©m Ã© inegÃ¡vel a base social do lulismo.

Nem Ciro e nem Tebet possuemâ€¦ https://t.co/DoaBUezHUl",Twitter for Android,1,0,
26,FER 1ï¸âƒ£3ï¸âƒ£ğŸš©,2022-11-07 22:25:01+00:00,"@augustodefranco Claaaaaaaaro. O Ciro encolheu de 12% para 3%, mas teria 80% contra o Bolsonaro. Tebet, que chegouâ€¦ https://t.co/eYhEBmB5rF",Twitter Web App,1,0,Agartha
27,Leonardo,2022-11-07 21:45:37+00:00,"@DespolarizaRN @Intuiti15299066 @kaiodemarchi @jonesmanoel_PCB NÃ£o tem o que discordar, isso Ã© um fato. 
Ciro fez uâ€¦ https://t.co/S2wgJzHI61",Twitter for Android,0,0,Brasil
28,"Liberal, Cientista, Chato e ReclamÃ£o ğŸ‡§ğŸ‡·",2022-11-07 17:49:50+00:00,"@Welber_noficial @MamuteMarcos NÃ£o vai ter jair, mas provavelmente vai ter Eduardo Bolsonaro, NÃ£o vai ter Lula, masâ€¦ https://t.co/xsh7PYs51H",Twitter Web App,0,0,Home
29,Iago Dhorson,2022-11-07 16:33:05+00:00,"Pessoas que eu odeio no cenÃ¡rio polÃ­tico(nÃ£o como pessoa mas sim suas atitudes):

Lula
Bolsonaro
Janones
Jean Willyâ€¦ https://t.co/gTWfkpuzuS",Twitter for Android,0,0,
30,Mc_Sapinho,2022-11-07 16:05:32+00:00,"@Haruah9 @redswan64 E outra, a maioria que votou Ciro e Tebet, foram pro Bolsonaro e outra parte Nulo, tanto que oâ€¦ https://t.co/1Mq8JMlk7q",Twitter Web App,0,0,
31,Ysperá¶œáµƒáµ,2022-11-07 15:39:30+00:00,@Hudy_xav E nÃ£o Ã© sobre o bolsonaro ser presidente qualquer pessoa eu aceitaria ser presidente o Ciro a Tebet e entâ€¦ https://t.co/rTfEfquxcW,Twitter for Android,0,0,"Minas Gerais, Brasil"
32,Capivara dos 3%,2022-11-07 15:17:14+00:00,"@Felipeffvieira @cirogomes Ciro nÃ£o precisou nem falar o nome de Lula pra transferir quase os votos tudo pra ele, jâ€¦ https://t.co/qnDt6T1mDD",Twitter for iPhone,1,0,
33,Alexandre - ğŸ‡¨ğŸ‡¦ ğŸ‡§ğŸ‡· ğŸ‡ªğŸ‡¸ ğŸ‡ºğŸ‡¦,2022-11-07 14:40:07+00:00,"@MichelePradoBa Michele, normalmente concordo contigo, mas acredito que se Lula houvesse se posicionado como apoioâ€¦ https://t.co/yNgCvYGGgw",Twitter Web App,3,0,Canada
34,Ã‰lton Lima,2022-11-07 14:31:32+00:00,"@MichelePradoBa A votaÃ§Ã£o em Bolsonaro sÃ³ foi alta nas demais regiÃµes pq Lula era o candidato.

Bolsonaro teria perâ€¦ https://t.co/1Q7l8eJY9K",Twitter for Android,0,0,SP
35,Rafael Santos,2022-11-07 14:13:50+00:00,@SamuelsonXavie1 Querem garantir que em 26 nem Lula e nem bolsonaro possam se candidatar para que Ciro tenha algumaâ€¦ https://t.co/97BgE0d0D2,Twitter for Android,0,0,
36,Vampire do Bem ğŸŒ¹ğŸ‡§ğŸ‡·ğŸŒˆ,2022-11-07 11:55:53+00:00,"@MichelePradoBa Tenho pra mim que se nÃ£o fossem essas estÃºpidas campanhas de voto Ãºtil, os candidatos com mais propâ€¦ https://t.co/3T3S1MdHG4",Twitter Web App,8,0,SÃ£o Paulo
37,Rosy AraÃºjo ğŸ”¥ğŸŒµ,2022-11-07 11:25:09+00:00,"@karollgdutra @renatajbarreto As no primeiro turno lula jÃ¡ teve essa diferenÃ§a , e no segundo ganhou .teve o apoioâ€¦ https://t.co/nXJVnyp0sj",Twitter for Android,1,0,batalha - Alagoas
38,Rocco ğŸŒµ,2022-11-07 08:33:18+00:00,"@nelsonmelor @deccache @sorlr17 Foi apertado justamente por ser Lula, jovem. RejeiÃ§Ã£o semelhante a de Bolsonaro e oâ€¦ https://t.co/MYWwFa9ANJ",Twitter for Android,4,0,
39,Chris,2022-11-07 05:27:36+00:00,"@tocantins79 @NildoOuriques Os prÃ³prios bolsominions me fizeram votar no Lula, o Brasil nÃ£o aguenta mais 4 anos deâ€¦ https://t.co/taIhbHuvlH",Twitter for iPhone,1,0,
40,Davi Belarmino ğŸ‡ºğŸ‡¦,2022-11-07 04:25:31+00:00,"@MarceloFlap discordo pra caralho, LULA Ã© justamente o unico nome que deu tanta forÃ§a ao Bolsonaro.
NÃ£o atoa foi oâ€¦ https://t.co/TsOaS7VhYw",Twitter Web App,0,0,
41,Kurisu â™‚ï¸ğŸ‡§ğŸ‡·,2022-11-07 04:23:44+00:00,@dexianleagusu @Homaosapao @tracypestana_ @daenerysartt @brunnotiago @nicolascramos @choquei direita e se tivesse oâ€¦ https://t.co/3Evr6UgnSy,Twitter for Android,0,0,
42,Regina Ayres,2022-11-07 03:30:03+00:00,"@CarlosM02091985 Meu Deus do cÃ©u, o PR Bolsonaro GANHOU NO PRIMEIRO TURNO, serÃ¡ que vamos ter que sofrer a angÃºstiaâ€¦ https://t.co/ZsBuuypw5z",Twitter Web App,0,0,"MarÃ­lia, Brasil"
43,DreewJC,2022-11-07 03:28:25+00:00,"@kassandrando @cafecomferri Kkkkkkkkkkkkkk esse delÃ­rio coletivo pÃ³s segundo turno, de acharem que a Simone Tebet tâ€¦ https://t.co/Nk6HrAS7lI",Twitter for Android,1,0,
44,Promo da Cami,2022-11-07 02:04:26+00:00,@ELIFABRIN @MauricioRicardo @cirogomes Vi grande parte das pessoas que votaram no Ciro e na Simone tebet dizendo quâ€¦ https://t.co/bM2Vw1qqOp,Twitter for Android,0,0,
45,Filca San,2022-11-07 01:44:55+00:00,"@kenamaral_ @CruzeiroEtern13 @futesatofc @walkerlan5 @brunacolinas @monark Eu acredito q teve fraude, quem ganhou fâ€¦ https://t.co/2xWfzCiI4h",Twitter Web App,2,0,
46,Ednilson Araujo,2022-11-07 01:22:12+00:00,@nivaldoguilh @marinacaselatto @Pedrinmiguel07 @sopralobomal @Jee_Daniel @brunacolinas @monark Lula nÃ£o ganhou comâ€¦ https://t.co/e9Luvr6bgm,Twitter for Android,1,0,RibeirÃ£o Pires/SP
47,Lucas ğŸ‡ºğŸ‡¦ğŸ‡¹ğŸ‡¼ğŸ‡½ğŸ‡°,2022-11-06 20:28:58+00:00,"@luanufal Todos governam para a elite, seja Bolsonaro, Lula, Ciro, Tebet, etc. No governo petista os banqueiros tivâ€¦ https://t.co/DLoyudyjTG",Twitter Web App,1,0,"SÃ£o Paulo, Brasil"
48,FÃ¡bio Queiroz,2022-11-06 19:18:10+00:00,"Lula fez o TSE roubar Ciro Gomes Simone tebet bolsonaro e etc pra se eleger, Alexandre de Moraes e um capacho mesmoâ€¦ https://t.co/1lV9EOusXF",Twitter for Android,2,0,"Rio Grande do Norte, Brasil"
49,ğ’€ğ’‚ğ’ğ’Œğ’,2022-11-06 18:48:59+00:00,"@Luciano94891673 @euagathab @LuizCamargoVlog Nunca pensei que diria isso, mas. . . Queremos e precisamos de uma intâ€¦ https://t.co/FeYtLCKl8g",Twitter for Android,1,0,
50,aquele la,2022-11-06 17:46:53+00:00,"O que eu acho:

Lula (centro-esquerda)
Bolsonaro (Direita)
Ciro (centro)
Tebet (centro)
Dâ€™vila (centro-direita)
Sorâ€¦ https://t.co/ZEJS9chjxq",Twitter for iPhone,0,0,
51,Wbaldina Cruvinel,2022-11-06 17:02:34+00:00,@FlavioBolsonaro VÃ£o tentando. Talvez vcs consigam provas consistentes e assim faÃ§am novas eleiÃ§Ãµes entre Tebet e Câ€¦ https://t.co/7k2ys0y98z,Twitter for iPhone,0,0,
52,TuzaK,2022-11-06 16:24:49+00:00,@cacaucb @tabuol Quem elegeu o lula foi o eleitor do Ciro a porcentagem dessa eleiÃ§Ã£o e a difere de votos pra quemâ€¦ https://t.co/ACbsUhPQgB,Twitter for iPhone,0,0,MG
53,Emerson,2022-11-06 16:21:13+00:00,"@semesaid @nadanovonofront Vc fala como se Lula e Dilma nunca houvessem falado nada, que sÃ³ existe Bolsonaro. Lembrâ€¦ https://t.co/yWFy2oL4vm",Twitter for Android,0,0,
54,Empreiteiro Curioso,2022-11-06 15:20:02+00:00,@SissyRibs @TheBasementPro3 @jnascim Lula tem 40% do eleitorado e muitos desses nÃ£o estÃ£o nem ai pra esquerda ou diâ€¦ https://t.co/QMeKIh3Hb5,Twitter Web App,1,0,
55,Francisca RobÃ©riağŸŒµ,2022-11-06 14:53:59+00:00,"@cirogomes O Ciro foi o maior auxiliar e cabo eleitoral do Bozo, conseguindo transferir a maioria dos seus votos paâ€¦ https://t.co/GYcsbhJraY",Twitter for Android,0,0,
56,sa 1ï¸âƒ£3ï¸âƒ£ğŸš©,2022-11-06 14:52:38+00:00,"@Pires736301601 @LuDelTaco @CamilaL86437782 @PedroRonchi2 ""Quem sabe seus direitos nÃ£o passa por enganos"" infelizmeâ€¦ https://t.co/tSULUkDaK3",Twitter for Android,0,0,
57,Francisca RobÃ©riağŸŒµ,2022-11-06 14:47:30+00:00,"@vinico197 @alberi_petersen @cirogomes A verdade Ã© que a maioria dos eleitores do Ciro, assim como ele, traiu o Braâ€¦ https://t.co/7tlAl3O7t2",Twitter for Android,1,0,
58,âš«ã‚³ãƒªãƒ³ãƒãƒ£ãƒ³ã‚¹âšª,2022-11-06 14:27:47+00:00,"@comentandofut2 @fernandokimeru @Caduuudo @eixopolitico Eu nÃ£o queria nunca ter votado no lula, mas Ciro Gomes e Siâ€¦ https://t.co/GIfeB4NyYe",Twitter for Android,1,0,"Campinas, Brasil"
59,AndrÃ© Ribeiro,2022-11-06 14:00:36+00:00,@JHPadilha01 @PDT_Nacional @cirogomes Bolsonaro cresceu 7 milhÃµes de votos e Lula apenas 3 milhÃµes. A maioria do elâ€¦ https://t.co/cTC6JPaO0X,Twitter for Android,5,0,
60,Julio Marinho (veja meu fixado)ğŸ”»ğŸ³ï¸â€ğŸŒˆ âš£ ğŸ¦–,2022-11-06 13:03:37+00:00,"Se fosse Tebet ou Ciro no segundo turno com Bolsonaro, a derrota do bozo teria sido acachapante, sÃ³ foi apertadinhaâ€¦ https://t.co/GYm0oHQ3rR",Twitter Web App,12,4,Rio de Janeiro
61,Fâ—Fâ—K@,2022-11-06 11:04:05+00:00,@opropriopedron @cirogomes Eu votei em Bolsonaro em 2018ğŸ¤¦ğŸ»â€â™€ï¸ E agora queria ter ido de Tebet ou Ciro ğŸ—£ Mas como NÃƒâ€¦ https://t.co/xTRtB2EyR5,Twitter for Android,0,0,
62,Pedro Silva,2022-11-06 10:53:43+00:00,"@danizinha_8282 @cirogomes DiferenÃ§a entre Bolsonaro e Lula no primeiro turno: 6 milhÃµes de votos
DiferenÃ§a entre eâ€¦ https://t.co/YA7OSNDGla",Twitter for Android,0,0,In Ur Ã¢nus 
63,Giovane Garcia,2022-11-06 09:16:16+00:00,"@AlanLopesRio Ciro e Simone Tebet jÃ¡ devem estar cansados desse troca-troca de lado.
Bolsonaro ia ganhar no 1 turnoâ€¦ https://t.co/Tgd4QghImx",Twitter for Android,0,0,
64,ğŸ…°ï¸mor ğŸ…°ï¸lvinegro 1ï¸âƒ£3ï¸âƒ£ ğŸ†ğŸ†ğŸ†,2022-11-06 03:27:12+00:00,@nadanovonofront MDA e a Quaest foram as Ãºnicas que cravaram tendÃªncia de queda do Lula e tendÃªncia de alta pro Bolâ€¦ https://t.co/HCwVOcm8WJ,Twitter for Android,5,0,"Belo Horizonte, Brasil"
65,Fabio Rabelo ğŸŒ¹,2022-11-06 01:48:49+00:00,@mbella_713 @LadislauTopera @Amanda_e_Ed @VanessaHorner @emiliomoreno Acabei de comentar na sua resposta. Vc sÃ³ vÃªâ€¦ https://t.co/aM6JnkyP3i,Twitter for Android,0,0,Fortaleza 
66,Fabio Rabelo ğŸŒ¹,2022-11-06 01:46:03+00:00,@OFladeLandim @mbella_713 @LadislauTopera @Amanda_e_Ed @VanessaHorner @emiliomoreno Primeiro que as pesquisas eramâ€¦ https://t.co/C55TGw5jfh,Twitter for Android,0,0,Fortaleza 
67,Cyrano rabugento,2022-11-05 22:58:26+00:00,"@chanandlerb0nng @MarcosCintra Nessa eleiÃ§Ã£o vimos mais de 40 anos de experiÃªncia em de gestÃ£o de Sarney, FHC, Lulaâ€¦ https://t.co/rxsofMMB6n",Twitter for iPhone,2,1,Com amigos e com quem amo
68,Papo Puxado,2022-11-05 21:48:20+00:00,Durante a campanha era ridÃ­culo ver o desfile de hipocrisia de pessoas criticando o apoio de SÃ©rgio Moro a Bolsonarâ€¦ https://t.co/aTVVcteYpQ,Twitter Web App,0,0,MaceiÃ³ - Alagoas
69,Ò‰ÍÍ›Í‚Ì†ÍƒÌ…Í‹Ì„Í€Ì¸ÍÌ¿ÍŠÌÌˆÌ”ÍÌ¾Í‹Í„Í†ÌÌ½Í‹Ì¶Ì•Ì…ÍÌ½Ì½Í‹Ì¾Ì”Ì‰ElÃ­ ğŸŒ¹Ì‹ÍÍ„ÌˆÌˆÌÌ,2022-11-05 21:15:15+00:00,"@camargo_jobson @maatfagundes Tem quem ignore o eleitor de Tebet tbm.

NÃ£o acredito que nenhum dos dois eleitoradoâ€¦ https://t.co/XzNB9x0pvm",Twitter for Android,1,0,
70,Benjamin Arrola,2022-11-05 20:39:47+00:00,"@jessemouraP @andrefernm SÃ³ pra deixar claro, no espectro polÃ­tico Lula Ã© sÃ³cio democrata, que nem o Obama, ele nunâ€¦ https://t.co/FqQTcvS1TT",Twitter for Android,0,0,
71,JoÃ£o Luiz,2022-11-05 20:21:34+00:00,"@Douglas81976854 @hugocbraga No debate, sem lula, o foco de ciro e bolsonaro foi lula.
Tebet nÃ£o deixou de atacar lâ€¦ https://t.co/Ld0Hb9AdyO",Twitter for Android,0,0,"Caragua, SP, Brasil"
72,ğŸ‡§ğŸ‡·ğŸ‡§ğŸ‡·Douglas #VoteiNoCiro ğŸŒ¹ğŸ‡§ğŸ‡·ğŸ‡§ğŸ‡·,2022-11-05 19:47:13+00:00,"@joaoluizcaragua Voce tÃ¡ comparando coisas diferentes. Se as pesquisas tivessem mostrado a realidade. Ciro com 12%,â€¦ https://t.co/KA58opgTMf",Twitter for Android,0,0,
73,Juvenal,2022-11-05 19:46:55+00:00,"@Ricamconsult Por isso imprensa tenta empurrar alguÃ©m do centrÃ£o ( 3a via ) o tempo todo

VocÃª viu as acusaÃ§Ãµes queâ€¦ https://t.co/EoxWE63vQg",Twitter Web App,0,0,"Salvador, Brasil"
74,JoÃ£o Luiz,2022-11-05 19:25:09+00:00,"@Douglas81976854 @hugocbraga TerÃ­amos ali, Ciro, tebet, talvez moro e atÃ© dÃ³ria
O grande erro na sua anÃ¡lise Ã© culpâ€¦ https://t.co/osRyWaZ73C",Twitter for Android,0,0,"Caragua, SP, Brasil"
75,SÃ©rio e IdÃ´neo,2022-11-05 16:41:25+00:00,"Estamos lascados, sem sombra de dÃºvidas. NÃ£o hÃ¡ caminho fÃ¡cil. DeverÃ­amos ter votado em Ciro, em Tebet, em DÃ¡vila,â€¦ https://t.co/DnRFdKtaqP",Twitter for iPhone,0,0,"Vila Boa, Brasil"
76,Lala Crowley,2022-11-05 16:22:57+00:00,"@Quirinossauro @ynaojv @gabypomper @MelissaSteffani @choquei Se o Bolsonaro tivesse ganho essa eleiÃ§Ã£o, mas no primâ€¦ https://t.co/j2T6BZD3cB",Twitter for Android,0,0,"SÃ£o Paulo, Brasil"
77,Allan Silva,2022-11-05 15:59:23+00:00,"@ThaisRMaschio Lula teve 7,7 milhÃµes de votos a mais que o Haddad no Sudeste. 1,3 milhÃ£o a mais no Sul. Se nÃ£o fossâ€¦ https://t.co/mb3EL1N1HY",Twitter for Android,3,0,
78,Jason Bourne,2022-11-05 13:39:17+00:00,"STF ferrou com o Brasil livrando o Lula. Em qualquer outro cenÃ¡rio nada disso aconteceria.  Se Tebet, Ciro ou qualqâ€¦ https://t.co/pWxwcPKBna",Twitter Web App,1,0,"Salvador, Bahia, Brasil"
79,PauloË¢á¶œÊ³#SAF no SPORTğŸ¦ğŸ‡§ğŸ‡·â˜˜ï¸,2022-11-05 06:22:00+00:00,"@crissz06_ @SrSincerol @neymarjrdepre Posso citar 20
Richarlison
Firmino
Gabriel Jesus
Pedro
Diego Souza
Vagner Lovâ€¦ https://t.co/xBsHRUq2mr",Twitter for Android,6,0,
80,Carlos Quandt,2022-11-05 02:44:39+00:00,"@OIncrivelAranha @norton_ortiz @Capyvara Ã‰ vÃ¡lido questionar, sem presumir a fraude. No caso dessas aldeias indÃ­genâ€¦ https://t.co/22iXzCf262",Twitter Web App,3,0,Brazil
81,Abdiel,2022-11-05 02:40:54+00:00,@ricardope @OGloboPolitica O crescimento de Bolsonaro no 2Âº turno estÃ¡ atrelado justamente ao eleitor de Tebet e Ciâ€¦ https://t.co/6V47eAI5x5,Twitter for iPhone,0,0,Cacoal-RO
82,@Duduaval,2022-11-05 02:18:04+00:00,"FICO SEM ENTENDER QUAL Ã‰  DESSE ALCKMIM tebet CIRO fhc,MARINA, TANTOS ACUSARAM LULA DE LADRÃƒO E AGORA LULA Ã‰  BONZIâ€¦ https://t.co/30pBWPpNsO",Twitter for Android,0,0,
83,â˜…|Raquel| â˜† . Ø±Ø§ÙƒÙŠÙ„,2022-11-05 01:00:58+00:00,"@eudeshmarins @Rconstantino Lula seria sim a melhor opÃ§Ã£o contra ciro, tebet, o padre, o prÃ³prio bozo, marina ou quâ€¦ https://t.co/Gdt0qhZUJ7",Twitter for iPhone,0,0,
84,JCCRVG777,2022-11-05 00:31:28+00:00,"@pprado2003 @raazconceituado @unacional_ @ariobar Pode ter certeza que com um presidente como o Ciro, ou atÃ© mesmoâ€¦ https://t.co/mFAbapt46Q",Twitter for Android,1,0,
85,Vitor Hugo Bacic Pessoa Vidal,2022-11-05 00:18:18+00:00,"@J0A0Designer @monark @PHGutemberg @ThiagoNigro Se nÃ£o tivesse Bolsonaro, tvz desse pra levar mais sÃ©rio. Provavelmâ€¦ https://t.co/BujPr7GiTt",Twitter Web App,4,0,
86,L de Larissa â¤ï¸ğŸ‘†ğŸ¼,2022-11-04 23:38:34+00:00,@bbcbrasil Eu nÃ£o concordo com essa matemÃ¡tica simplificada. Acredito que Bolsonaro ganhou votos dentro do curral dâ€¦ https://t.co/zTCCf3gico,Twitter for Android,2,0,
87,Fabiano Artiles 13 â­ğŸš©,2022-11-04 23:05:22+00:00,"Tebet - 4,9 milhÃµes de votos 
Ciro - 3,5 milhÃµes de votos
Soraya e D'Ãvila - 1,1 milhÃ£o de votos
------------------â€¦ https://t.co/iJr8mqbRvk",Twitter for Android,0,0,Campos/RJ - Rio de Janeiro/RJ
88,Guilherme Piaseski,2022-11-04 22:28:07+00:00,"As mesmas urnas que elegeram Bolsonaro em 2018 agora nÃ£o prestam e podem ser burladas. Anulem a eleiÃ§Ã£o, tornem ineâ€¦ https://t.co/Km5NiI5hpf",Twitter for Android,0,0,"Porto Alegre, Brasil"
89,Sabrina TrÃ©zze,2022-11-04 20:22:31+00:00,@DesejoViril @gnohff @VniaAra53104480 @duduzinho_10 @AndreJanonesAdv Eu votaria atÃ© no Tiririca se fosse para tirarâ€¦ https://t.co/H1PtEXoD86,Twitter for Android,0,0,NiterÃ³i - RJ
90,:( ğŸŒ¹ğŸ‡§ğŸ‡· ğŸ‡¨ğŸ‡³,2022-11-04 19:54:01+00:00,@Jonnynho2 @tuzakoficial @APrimeiraVia jÃ¡ era pro PT em 2026 vai morrer politicamente qual vai ser o candidato? alcâ€¦ https://t.co/4mVVYmhpvR,Twitter Web App,1,0,
91,Mherry Paola Goncalves,2022-11-04 19:27:37+00:00,"Pai Augusto faz previsÃµes sobre futuro de Lula, Bolsonaro, Tebet e Ciro - Politica - Estado de Minas https://t.co/d6q2apEt1w",Twitter for Android,0,0,
92,ORDEP,2022-11-04 18:06:49+00:00,"@RazaoSonho @mayar___a @lucianoregis @BlogdoNoblat Quem entendeu oq o Ciro fala, nÃ£o vota no Bolsonaro, nÃ£o viaja.â€¦ https://t.co/s6F8C8bD8R",Twitter for Android,1,0,
93,a vÃ©ia dos gatos ğŸ±,2022-11-04 17:51:43+00:00,"Por favor, eleitor do Lula, do Bolsonaro, da Tebet, do Ciro, atÃ© do Padre Kelmon kkkkkkk COMPRA MINHA RIFA ğŸ¥ºğŸ¥º https://t.co/aopPKxMPdS",Twitter for Android,0,1,"SÃ£o LuÃ­s, Brasil"
94,Fellipe Soares,2022-11-04 17:13:36+00:00,"@Khanisson NÃ£o mente, mas compreende mal. Se fosse um mero VETO ao Bolsonaro, porque o eleito foi Lula e nÃ£o Ciro ou Tebet?",Twitter for Android,1,0,
95,Henrique,2022-11-04 17:04:43+00:00,@mayar___a @SorryKierkegard @BlogdoNoblat NÃ£o foi nÃ£o... https://t.co/UfF7NaXcPJ,Twitter for Android,3,0,"BrasÃ­lia, Brasil ğŸ‡§ğŸ‡·"
96,JÃºnia Br@sil ğŸ—£ï¸| ğŸ™ï¸,2022-11-04 16:28:19+00:00,"Minha famÃ­lia, antes quase 100% bolsonaro nesta eleiÃ§Ã£o se dividiu em Bolsonaro, Lula e Tebet. 

No segundo turno oâ€¦ https://t.co/sqoEgcuGf7",Twitter Web App,0,0,Brazil
97,Cirote ğŸŒ¹,2022-11-04 15:58:04+00:00,"Ciro previu sim que o dia seguinte Ã s eleiÃ§Ãµes seria de Ã³dio, porÃ©m, meus amigos, vai ficando claro que fosse quemâ€¦ https://t.co/5jPKugNzED",Twitter for iPhone,1,0,
98,JAF ğŸ˜‡,2022-11-04 14:31:16+00:00,"@filipesabara No segundo turno desta eleiÃ§Ã£o, o Bolsonaro perderia para Tebet ou Ciro da mesma forma que perdeu parâ€¦ https://t.co/sl4TTJmg54",Twitter for iPhone,3,0,
99,jurÃ­dico luiz inacio â˜­ğŸ‡µğŸ‡¸,2022-11-04 14:20:39+00:00,@Bbbmaniaca7 @spedrojunior @growlsooya @diogenesaraujo_ @tiagosantineli o lula na real sÃ³ venceu porque o bolsonaroâ€¦ https://t.co/bDitGGuY28,Twitter for Android,13,0,
100,Fabiano Artiles 13 â­ğŸš©,2022-11-04 13:31:09+00:00,"@vincoes @WaldoFFC1902 Sua teoria estÃ¡ equivocada.

Lula perdeu alguns votos. Mas os votos de Tebet e Ciro que entrâ€¦ https://t.co/B8IgA7s6NJ",Twitter for Android,0,0,Campos/RJ - Rio de Janeiro/RJ
101,lucas,2022-11-04 12:52:57+00:00,"@AlessandraBrvna @OGloboPolitica Avaliando pro pela minha zona Lula +5mil votos a mais, e Bolsonaro +12mil em compaâ€¦ https://t.co/3czU5JV11o",Twitter for Android,0,0,
102,Jedi Pensador,2022-11-04 12:34:35+00:00,"Independentemente de quem seja seu candidato #Lula, #Bolsonaro, #Tebet #Ciro, Padre (""Kelson, Kelvin? Candidato Padâ€¦ https://t.co/Dx7ln8InUA",Twitter for Android,0,0,Brasil
103,Orlando Silva ğŸ€â›¹ï¸,2022-11-04 10:41:41+00:00,@manuellac @jairmearrependi Ã‰  foi o Lula que preferiu enfrentar o Bolsonaro pois sabia que era a Ãºnica chance de gâ€¦ https://t.co/iiHQidPdRx,Twitter for Android,0,0,"Caraguatatuba, Brasil"
104,Eduardo Stein,2022-11-04 08:07:20+00:00,"@Fredkrepe Discordo. Pela sua lÃ³gica, a terceira via deveria ter feito mais votos. Ciro, Tebet e todos os demais toâ€¦ https://t.co/Sxrcd5vF1y",Twitter Web App,0,0,
105,Ayrton GregÃ³rio,2022-11-04 05:09:00+00:00,"No segundo turno Lula cresceu 2,81% enquanto que Bolsonaro subiu 5,02%. Se somar o crescimento dos dois candidatosâ€¦ https://t.co/frRW8ByS8C",Twitter for Android,2,0,Natal
106,ge,2022-11-04 01:43:24+00:00,@LuisEdu2308 @peucamposs @TuaneCamila5 @__Merre @tatilu60856001 @brom_elisa Todo polÃ­tico usa dinheiro de algum lugâ€¦ https://t.co/H5qaF6Y61e,Twitter for Android,0,0,
107,barbie.chr,2022-11-04 01:03:31+00:00,"agora minha mente sÃ³ sabe pensar em bolsonaro, lula, simone tebet, ciro gomes, soraya, davila, padre Kelmon, leonarâ€¦ https://t.co/xgJQ9ZrRmx",Twitter for Android,1,0,she/her
108,DigÃ£o,2022-11-03 22:29:25+00:00,"@thinkmoreBrazil Tanto Lula quanto Bolsonaro sÃ³ tinham qualquer chance um contra o outro.

Se qualquer um deles tivâ€¦ https://t.co/HTZEtwmTth",Twitter for iPhone,0,0,Natal/Ipueira RN
109,saori kido,2022-11-03 22:22:12+00:00,"Como a minha seÃ§Ã£o votou pra presidente:
VOTOS:

1Âº TURNO

Bolsonaro: 157 (53,23%)
Lula: 99 (33,56%)
Tebet: 17 (5,7â€¦ https://t.co/VLJ53oyW2f",Twitter Web App,1,0,"Curitiba, ParanÃ¡"
110,Odacir JÃºnior,2022-11-03 22:08:00+00:00,@pltceentbr @MDFC71 @universidade Se o eleitor de Tebet e Ciro (somados davam 9 milhÃµes) foram para Lula como ele aâ€¦ https://t.co/UGiwnM4lMT,Twitter for Android,0,0,"Curitiba, Brasil"
111,MoisÃ©s G. dos Santos,2022-11-03 20:43:40+00:00,@GabrielKustow Gente. NÃ£o Ã© possÃ­vel. O bolsonaro segundo as pesquisas perderia para qualquer um que fosse para o sâ€¦ https://t.co/tMZ6oAinBs,Twitter for Android,0,0,
112,MÃ¡rcio Duran ğŸ‡§ğŸ‡· ğŸ‡ºğŸ‡¸ ğŸ‡ºğŸ‡¦ ğŸ‡·ğŸ‡º ğŸ‡ºğŸ‡³,2022-11-03 19:15:51+00:00,@AnaPaulaVolei @augustosnunes O Bolsonaro cometeu Crime e nÃ£o sofreu impeachment o Lula nÃ£o tem moralidade pra assuâ€¦ https://t.co/a6QZtQ4zv3,Twitter Web App,0,0,Brazil
113,Osamu Fan,2022-11-03 17:50:19+00:00,"@Pedroem49170711 @Adham_Miles @Esdras_stz @aguedescartoon 2018 Lula estava na cadeia condenado.
2022 ganhou por 2%â€¦ https://t.co/X9EwVzvEIy",Twitter Web App,0,0,
114,MarcÃ­lio com Ciro ğŸŒ¹ğŸŒ¹,2022-11-03 17:49:34+00:00,@MilaBelitardo Nunca vi tamanha burrice. Os 51% que votaram em Lula para evitar Bolsonaro iriam votar em Bolsonaroâ€¦ https://t.co/qxZzodMbiD,Twitter for Android,0,0,
115,zÃ©,2022-11-03 16:25:01+00:00,"@saintnarciso @francamentejean @pretofin0 @JM_Ruca @dianatabarelli Ciro tava em uma posiÃ§Ã£o privilegiada no debate,â€¦ https://t.co/KROnk3xAcE",Twitter for iPhone,0,0,"SÃ£o LuÃ­s, Brasil"
116,GalÃ¡tico,2022-11-03 15:32:56+00:00,@peterlumberjak @realpfigueiredo Se vocÃªs tivessem votado no Ciro ou na Tebet no primeiro turno e nÃ£o colocado o boâ€¦ https://t.co/5vpH5POGIX,Twitter for Android,0,0,
117,Manoel Carvalho,2022-11-03 15:04:26+00:00,"@viservano @BelemJameson Na cabeÃ§a do militante ptista pode ser, mas do brasileiro mÃ©dio nÃ£o. Simone Tebet apoio Luâ€¦ https://t.co/M3S8cfHy9n",Twitter for Android,3,0,
118,Cristiano,2022-11-03 14:24:10+00:00,"@giselisk Tu ensinou que sÃ³ o Bolsonaro questionou as Urnas, agora vem citar Lula, Ciro e Tebet. Bolsonaro queria uâ€¦ https://t.co/XJvlqVwAqx",Twitter for Android,0,0,
119,ANArchy in the BR,2022-11-03 14:18:23+00:00,"Gente, entendam, quando dizemos que Lula nÃ£o era o ideal pra concorrer com Bolsonaro, nÃ£o era pelo capital polÃ­ticoâ€¦ https://t.co/tto3jiLm8u",Twitter Web App,7,1,"Fortaleza, CE BR"
120,Felipe Leone,2022-11-03 13:27:16+00:00,@JanaSouPreta @jvitorper @91Avii @JaspionPedro @CentralEleicoes Foi bem por pouco. Bolsonaro perdeu por ser muito râ€¦ https://t.co/YcSeu8f80c,Twitter for Android,0,0,Campinas/SP
121,Lando San,2022-11-03 12:49:57+00:00,"@ArturBernardoK @profreporter o q Ã© um resultado estranho, certo?
normal seria Lula e Bolsonaro ganharem votos q tiâ€¦ https://t.co/takx5lP1ND",Twitter Web App,1,0,
122,Marlon GuilhermeğŸ‡§ğŸ‡·,2022-11-03 12:45:14+00:00,"@lmaresfreitas @prpaulomarcelo @geraldoalckmin @LulaOficial Se a Simone tebet, Soraya, Ciro, etc, tivesse vencido eâ€¦ https://t.co/8BVwXw51xE",Twitter for Android,0,0,
123,Noah,2022-11-03 12:24:48+00:00,@carlos53marcos @GeneralMourao @LulaOficial SÃ³ me fala uma coisa o Lula roubou ou nÃ£o roubou?? Kkkk sem a condenaÃ§Ã£â€¦ https://t.co/pXURhY2pZd,Twitter for Android,0,0,Brasil
124,FÄ“lipÉ™ G. ğŸº,2022-11-03 12:22:02+00:00,"""ain, mas eu sÃ³ votei no lula porque eu nÃ£o gosto do Bolsonaro"" MENTIRA, se votou no ex presidiÃ¡rio, Ã© porque Ã© burâ€¦ https://t.co/htlOITA4hk",Twitter for Android,0,0,"JacarepaguÃ¡, Rio de Janeiro"
125,Hudson Rodrigues,2022-11-03 11:44:28+00:00,"@tatunsobeemtoco @MilaBelitardo Outra que nem Ciro, nem Tebet fugiriam de debate com Bolsonaro. Uns 70% das papagaiâ€¦ https://t.co/XtuouKKhbv",Twitter Web App,25,0,"VitÃ³ria, Brasil"
126,Yaki Cavalcanti,2022-11-03 11:11:35+00:00,A maioria dos eleitores de Ciro e Tebet votaram em Bolsonaro no 2Âº turno. Essas aÃ§Ãµes tresloucadas de bloqueio de râ€¦ https://t.co/I5U8rgmmhW,Twitter for iPhone,6,0,
127,mariska stan,2022-11-03 11:09:45+00:00,@gabrielpatroci @cyberhermitt @feritobr e hoje terÃ­amos ciro ou tebet presidente. infelizmente foi assim e agora poâ€¦ https://t.co/IkzCxEOZ4C,Twitter for Android,3,0,Rio de Janeiro/BR
128,Apenas um garoto ):),2022-11-03 10:50:58+00:00,@alberi_petersen @choquei AÃ­ ja Ã© demais. Se o apoio dela nÃ£o surtiu efeito como esperava deve ser pelo fato de q aâ€¦ https://t.co/AELZAGBNJm,Twitter for Android,1,0,fan account
129,Alberi Petersen,2022-11-03 10:44:34+00:00,"@choquei Quanta bobagem. Anitta sempre deixou muito claro que queria apenas derrotar Bolsonaro, e nada mais, eu pesâ€¦ https://t.co/s6WVyqwTeU",Twitter for iPhone,13,1,"Recife, Brasil"
130,Deisanti,2022-11-03 06:18:18+00:00,"@GFiuza_Oficial Bolsonaro ia perder pra qualquer um no segundo turno,se tivesse ido Ciro ou Tebet no lugar do Lula,â€¦ https://t.co/QcMJoqgHfl",Twitter for Android,0,0,Ä°tÃ¡lia
131,Deisanti,2022-11-03 05:42:05+00:00,"@joel_fi Esse povo Ã©  doente.  Por isso q pela primeira vez na vida, votei no Lula. Pq sÃ£o psicopatas.  Bolsonaro pâ€¦ https://t.co/xCEkRBrXGw",Twitter for Android,1,0,Ä°tÃ¡lia
132,Diego SouZza,2022-11-03 03:53:45+00:00,"@77_frota Tu Ã©s uma piada cara, se o Bolsonaro era tÃ£o sujo quanto, pq vc nÃ£o apoiou o Ciro ou Tebet? Agora o Lula???",Twitter for Android,0,0,
133,Instituto Mula,2022-11-03 02:21:58+00:00,"@AlfredoMenezes6 E o grÃ¡fico Ã© o mesmo nos 2 turnos.

Outra coisa, no 1o turno eu acompanhei diretamente do site doâ€¦ https://t.co/bN97CKLVUe",Twitter for Android,1,0,RepÃºblica de Curitiba
134,ğŸ‡§ğŸ‡·ğŸŒ¹ GÃ¶tterdÃ¤mmerung ğŸŒ¹ğŸ‡§ğŸ‡·,2022-11-03 02:21:25+00:00,"@Comic_Medeiros Se fosse o Ciro ou a tebet, os Ã¢nimos nÃ£o estariam assim. O Brasil seria pacificado muito mais fÃ¡ciâ€¦ https://t.co/3jTFtErjbV",Twitter for Android,0,0,"Paris, France"
135,Paulo Democracia 1ï¸âƒ£3ï¸âƒ£ğŸš©ğŸ‘»ğŸ‘¨â€ğŸ«ğŸ™ğŸ•Šï¸,2022-11-03 02:04:00+00:00,"@dai_tama A Tebet derrota o Ciro facinho, igual o Lula qdo derrotou o Bolsonaro",Twitter Web App,0,0,
136,"cerveja, picanha e xereca",2022-11-03 01:23:29+00:00,@vulgokali @rafaellvieira27 @sabaogasoso @realpaubrasil @vitorugoal @jonesmanoel_PCB Sou presidente de seÃ§Ã£o eleitoâ€¦ https://t.co/pbsOj0BwU0,Twitter for Android,31,0,
137,Felipe Freire,2022-11-03 01:11:33+00:00,"@marcelfreire O problema aqui nÃ£o Ã© o Bolsonaro ter perdido, mas sim o Lula ter ganhado! Aposto que se fosse a Simoâ€¦ https://t.co/zpcKpA7cbh",Twitter for Android,0,0,
138,Diomani,2022-11-03 00:06:25+00:00,"@spardayi @lucaspnunes1 @AnonNovidades NÃ£o , vocÃª realmente analisou essa eleiÃ§Ã£o ? No segundo turno o Bolsonaro gaâ€¦ https://t.co/cvANVVVdq7",Twitter for iPhone,1,0,"Bahia, Brasil"
139,Antero,2022-11-02 23:47:18+00:00,@Enigmatics5 @ofilhodopastor @____KingSlayer @arthurpps Na real a coisa Ã© atÃ© bem simples. Os mais progressistas doâ€¦ https://t.co/4JSohdpkBu,Twitter for iPhone,2,0,
140,Smile,2022-11-02 22:36:41+00:00,"@padilhaimortal Rapaz! Quem sou eu pra falar que ele Ã© ex-condenado ou ladrao!? 
Talvez estaria preso se fosse ladrâ€¦ https://t.co/a02CZsIU7V",Twitter for iPhone,0,0,
141,Marcel Costa,2022-11-02 22:11:01+00:00,"@leoportela_ @jairbolsonaro Bolsonaro?! Por favor nÃ£o!  NÃ£o quero o Lula, mas tbm nÃ£o quero Bolsonaro... Nem Tebetâ€¦ https://t.co/ksxwMisjvT",Twitter for Android,0,0,
142,Wilson Rodrigues,2022-11-02 21:01:59+00:00,"@OGloboPolitica Moro sozinho levou mais votos para Bolsonaro do que Tebet e Ciro juntos levaram para Lula.
Faltou pâ€¦ https://t.co/MqrSo2fAsK",Twitter for Android,5,0,"SÃ£o Paulo, Brasil"
143,Davis Barbosa,2022-11-02 20:44:38+00:00,"@BonoGazzinelli @Midia_bh Bom, se esse for o Ãºnico defeito dele como possÃ­vel presidente, eu ainda votaria nele. Isâ€¦ https://t.co/VmAtzliosq",Twitter Web App,0,0,
144,Sarah Belutti,2022-11-02 20:32:13+00:00,"@IgorAlbuquerq71 @lgmarco2k_spfc @joicehasselmann Ãšnico problema de Ciro Ã© que ele Ã© um ""Lula melhor"". IrÃ¡ surgir uâ€¦ https://t.co/lce3t5MVMX",Twitter for Android,0,0,
145,Enigmatics,2022-11-02 20:25:29+00:00,@ofilhodopastor Ã‰ sÃ³ fazer o somatÃ³rio nos respectivos domÃ­nios eleitorais de cada candidato. Ciro transferiu em mÃ©â€¦ https://t.co/WENdVutn1D,Twitter Web App,0,0,
146,MÃ¡rcio Duran ğŸ‡§ğŸ‡· ğŸ‡ºğŸ‡¸ ğŸ‡ºğŸ‡¦ ğŸ‡·ğŸ‡º ğŸ‡ºğŸ‡³,2022-11-02 19:56:03+00:00,"@77_frota @STF_oficial Se o TSE desse iimpeachment para o Bolsonaro isso nÃ£o teria acontecido, e o Lula nÃ£o tem morâ€¦ https://t.co/mbr8Ohe0XB",Twitter Web App,1,0,Brazil
147,SUSTINHO,2022-11-02 19:48:16+00:00,"@Rodrigo1RRO NÃ£o confundam meu Ã³dio ao Bolsonaro com apoio ao Lula.

Da mesma forma que voto no Lula pra tirar Bolsâ€¦ https://t.co/1qOVqh0mtq",Twitter Web App,1,0,New City 4-18
148,Ò‰ÍÍ›Í‚Ì†ÍƒÌ…Í‹Ì„Í€Ì¸ÍÌ¿ÍŠÌÌˆÌ”ÍÌ¾Í‹Í„Í†ÌÌ½Í‹Ì¶Ì•Ì…ÍÌ½Ì½Í‹Ì¾Ì”Ì‰ElÃ­ ğŸŒ¹Ì‹ÍÍ„ÌˆÌˆÌÌ,2022-11-02 19:46:10+00:00,"Os votos nÃ£o-Lula do 1T, foram 70% transferidos para Bolsonaro.
Ele CERTAMENTE recebeu votos de todo mundo. Inclusiâ€¦ https://t.co/Rlq1FUeqGw",Twitter for Android,1,0,
149,Crisman ğŸ‡§ğŸ‡·ğŸğŸš¬,2022-11-02 19:43:18+00:00,"@esalviojr Vc sÃ³ se equivoca sobre ""o pessoal aqui de fora"" bolsonaristas sÃ£o sÃ³ 10% no mÃ¡ximo, os 58 milhÃµes sÃ£o aâ€¦ https://t.co/2KSruOBrcm",Twitter for Android,0,0,
150,Marco Aurelio ğŸ‡§ğŸ‡·,2022-11-02 19:38:53+00:00,"@EduSaorin @danik4tes @vaniafoortes @leandroruschel Ciro, Simone tebet, Soraia, todos apoiando Lula e fazendo um joâ€¦ https://t.co/zyG7okTc7C",Twitter for Android,1,0,Brazil
151,Enigmatics,2022-11-02 19:33:56+00:00,"@ofilhodopastor Se fosse verdade Tebet fazendo todo aquele ""showmÃ­cio"" deveria ter transferido mais que Ciro, bem,â€¦ https://t.co/XZBRelhwyY",Twitter Web App,0,0,
152,sÃ³ danilo mesmo 1ï¸âƒ£2ï¸âƒ£ ğŸŒ¹ ğŸ‡§ğŸ‡·,2022-11-02 19:14:48+00:00,"A real Ã© que o Ciro e a Tebet serviram pra represar votos que iriam pro Bolsonaro no 1T.

Ter os dois serviu pra daâ€¦ https://t.co/SsXnXq1v1p",Twitter Web App,1,0,
153,mgb,2022-11-02 19:05:04+00:00,"@monark Voce tem que entender aue nao Ã© sobre bolsonaro. Ã‰ sobre lula. Simone levaria, hadadd levaria, tebet, ciro,â€¦ https://t.co/wEdnwbkdEF",Twitter for iPhone,0,0,
154,marcio dos santos,2022-11-02 18:40:39+00:00,"@JoelPinheiro85 Veja quanto cada candidato gastou atÃ© o momento:
Lula (PT) â€“ R$ 57,7 milhÃµes
Simone Tebet (MDB) â€“ Râ€¦ https://t.co/oCEdRBgKqx",Twitter for Android,0,0,
155,Igor ğŸ¥ŠğŸ‡§ğŸ‡·,2022-11-02 18:33:17+00:00,@urubullish Esse problema aÃ­ Ã© simples de resolver. Desfaz a cagada que o stf fez ao tornar Lula elegÃ­vel (nÃ£o precâ€¦ https://t.co/YXUFj0lDIi,Twitter for Android,0,0,Estados Unidos
156,Jhonatan,2022-11-02 17:45:02+00:00,"@EsquerdaMoralis @OMAGOLIBERTARIO Vc nÃ£o entendeu nada, nÃ£o Ã©? Quero que o Bolsonaro, Lula, Tebet, Ciro, D'Avila, Tâ€¦ https://t.co/ngEKZvQXlP",Twitter for Android,0,0,
157,Vladimir,2022-11-02 17:41:04+00:00,"@lukaizokuou @Matheus15743784 @MylenaPinto @SensoCrtico1 Lula no seu primeiro mandato foi Ã³timo, pegou uma situaÃ§Ã£oâ€¦ https://t.co/QWnrO9fZ1y",Twitter Web App,0,0,Um lugar Qualquer
158,Rafael Querino,2022-11-02 17:37:40+00:00,"@arthurpps @simonetebetbr nÃ£o agregou um voto sequer ao @LulaOficial  no segundo turno. SÃ³ somar:

Lula + Ciro = 60â€¦ https://t.co/mU3xFM4Soy",Twitter for Android,0,0,"BrasÃ­lia, Brasil"
159,Valdeci Borges,2022-11-02 17:34:00+00:00,"@_Tiagoventura O lula Ã± perdeu os 6 milhoes , os votos do ciro e tebet que foram em sua maioria para Bolsonaro...",Twitter for Android,0,0,
160,Vimarq ğŸ‡¾ğŸ‡ª #CASARESGOLPISTA,2022-11-02 17:26:46+00:00,"@vianaluciana87 @Lessyano_Araujo @FernandoHoliday Teve sim, uns 100x piores. Concordo que Lula nem deveria se candiâ€¦ https://t.co/Om6A9Xi5I9",Twitter for Android,0,0,
161,RodÂ¹â¹Â²Â¹ ğŸ”º,2022-11-02 17:23:20+00:00,"Mas isso nÃ£o Ã© obvio? NÃ£o Ã© sÃ³ a Anitta, sÃ£o TODOS os artistas que declararam apoio ao lula ou ao bolsonaro. Pq nÃ£oâ€¦ https://t.co/pf9HZE0EJQ",Twitter Web App,2,0,
162,Arthur 13ite.exe â­,2022-11-02 17:09:34+00:00,@SelvaNikuo @Serlatos @apenasobarney @realdrippinboy @sigmaposts Eles nÃ£o entendem que n Ã© questÃ£o de votar no Lulaâ€¦ https://t.co/zULyjA4paq,Twitter for Android,0,0,Ele/Dele
163,Crowley rei do inferno,2022-11-02 16:55:18+00:00,"o negÃ³cio nÃ£o Ã© o bolsonaro, nÃ£o estaria acontecendo tudo isso se o ganhador fosse o Ciro, a tebet ou qualquer outrâ€¦ https://t.co/eS9mvfYXzl",Twitter for Android,0,0,inferno
164,Crowley rei do inferno,2022-11-02 16:48:29+00:00,"@mateusn_br @reporterenato nÃ£o exatamente, pois o objetivo nÃ£o Ã© exatamente pelo bolsonaro
difÃ­cilmente teria todasâ€¦ https://t.co/rvnEqyEc0z",Twitter for Android,0,0,inferno
165,Igor,2022-11-02 15:50:37+00:00,"@gorb41464467 @PokeKlausGo @folha Elas sÃ³ nÃ£o querem Lula.

Se fosse Tebet, Ciro, nÃ£o estariam lÃ¡ protestando.

Forâ€¦ https://t.co/jAoIMKpdXk",Twitter for Android,1,0,
166,helen â˜…,2022-11-02 15:22:45+00:00,"Ã‰ DISSO AQ Q EU VIM FALANDO A ELEIÃ‡ÃƒO TODA, galera querendo tebet, ciro, etc sÃ³ o lula sendo o lula poderia ter venâ€¦ https://t.co/3qj2LBUaXa",Twitter Web App,0,0,talking randomly
167,desgadificador_02,2022-11-02 15:20:25+00:00,@OGloboPolitica NÃ£o dÃ¡ pra saber pq o Bolsonaro pode ter virado voto do Lula e a migraÃ§Ã£o Ciro e Tebet compensou,Twitter for Android,0,0,
168,Avohai - Cirista de FÃ©riasğŸŒ¹,2022-11-02 15:14:24+00:00,"23:59 = Katia Abreu votou contra o golpe, foi expulsa do MDB e depois execrada pela esquerda enquanto era vice do Câ€¦ https://t.co/vkduAuJdxO",Twitter for Android,354,89,Brasil
169,euoluizz ğŸŒªï¸,2022-11-02 14:56:52+00:00,"Se fosse pelo ideal da esquerda, vocÃª votaria no Ciro
Se fosse pela democracia, vocÃª votaria Tebet
Se fosse por nÃ£oâ€¦ https://t.co/YrEtojuLjW",Twitter for Android,4,1,CWB - BR
170,å‡» zÃ© o pequeno,2022-11-02 14:37:33+00:00,"na minha cidade lula ganhou no primeiro turno

mas mesmo com o apoio de tebet e ciro, no segundo bolsonaro saiu na frente...",Twitter for Android,2,0,"no sense in war, sense at home"
171,Marcelo Tonon,2022-11-02 14:21:36+00:00,@Casaverde1Mario @_Tiagoventura A mudanÃ§a % vc pode pensar: ah foi a migraÃ§Ã£o de votos do Ciro e Tebet pra Bolsonarâ€¦ https://t.co/sU5igiRA0s,Twitter for Android,3,0,Brasil
172,Marolador,2022-11-02 13:47:42+00:00,@PauloSr98416690 @MarceloBAccioly @tocomleonardo Maioria? Bolsonaro perdeu apenas por 2 milhÃµes votos esse que podeâ€¦ https://t.co/lzGLAqLxw2,Twitter for Android,10,0,
173,Ivan Douglas,2022-11-02 13:29:12+00:00,"@CARA_SANTISTA @Diogo_Travassos @APrimeiraVia Tirando Record, JP e SBT, quase toda a grande mÃ­dia estava com Lula.â€¦ https://t.co/1ICDwNsUaA",Twitter for Android,0,0,"Belo Horizonte, Brasil"
174,Lucas von,2022-11-02 12:59:03+00:00,"OrÃ§amento Secreto era a ponta do iceberg. A mÃ¡quina pÃºblica operou com forÃ§a dentro e fora das 4 linhas.

Talvez ajâ€¦ https://t.co/yTLgMGAe4C",Twitter for Android,93,6,"Gremista, Scotland"
175,FILHOTE DA WANDA MAXIMOFF,2022-11-02 12:52:50+00:00,"@Luca_Cechs Sim sim, os eleitores de Tebet e Ciro foram pro Lula, mas ele perdeu eleitores para Bolsonaro",Twitter for Android,0,0,Rio de Janeiro
176,Joao Felipe Stapassolli,2022-11-02 12:49:03+00:00,"@brom_elisa O povo q votou no Lula  votou pra tirar o bolsonaro nÃ£o pq queriam o Lula de volta, se vcs bolsonaristaâ€¦ https://t.co/uVR7PCUkY1",Twitter for Android,0,0,
177,Crist ...O justo viverÃ¡ pela fÃ©,2022-11-02 12:48:33+00:00,"@monicabergamo Lula apoiadores
Ciro
Marina
Tebet
Fhc 
Supremo

Artistas da Rouanet 

MÃ­dia jornalismo em geral
Todos contra Bolsonaro",Twitter for Android,0,0,
178,FILHOTE DA WANDA MAXIMOFF,2022-11-02 12:46:19+00:00,"Ainda Ã© muito cedo para tecer anÃ¡lises mais complexas, mas vendo que Tebet e Ciro foram bem votados no Rio e em SPâ€¦ https://t.co/bvAWvUHt7p",Twitter for Android,1,0,Rio de Janeiro
179,Rafael,2022-11-02 11:33:35+00:00,"@spedrojunior @GarcezPerdro @UOL Espero q sim, mas olhando pro resultado final das eleiÃ§Ãµes, a impressÃ£o q eu tenhoâ€¦ https://t.co/ZdEEjKQ0kA",Twitter for Android,1,0,
180,Felipe,2022-11-02 09:58:24+00:00,"@_Tiagoventura Errado, Bolsonaro cresceu 7 M (51 para 58), apÃ³s o 1 turno, ficaram 10 M de Votos entre Tebet, Ciroâ€¦ https://t.co/56BOxoFC6Q",Twitter for Android,37,1,
181,GG ğŸ‡§ğŸ‡·ğŸ†,2022-11-02 09:28:46+00:00,"@baristoymus Hoje Ã© feriado no Brasil e tem muitas manifestaÃ§Ãµes marcadas pelo Brasil todo, mas nÃ£o acredito que dÃªâ€¦ https://t.co/lVXyNb24bm",Twitter for Android,0,0,"ApiaÃ­, Brasil"
182,Rodrigo David,2022-11-02 08:33:45+00:00,"@Clelton19 @JCSimonassi @todoscomciro As pesquisas mais recentes, as perto do fim do segundo turno variavam entre 9â€¦ https://t.co/FCuHig4R1J",Twitter for Android,0,0,"Lisboa, Portugal"
183,Special Agent Nick Bimbles,2022-11-02 06:35:51+00:00,@oialinesantos @lipaoondadura fora q msm pro bolsonaro seria dificil lanÃ§ar um outro candidato e o lula ate hj n acâ€¦ https://t.co/KwRP0FXnOm,Twitter for iPhone,0,0,"SÃ£o Paulo, Brasil"
184,JG.Fracassos,2022-11-02 05:25:34+00:00,"@andrerocha_sp @brazilianwill @monicabergamo Igual 2018 onde diziam que o Ciro nao venceria o Bolsonaro, mas o Haddâ€¦ https://t.co/BBy3oALi5e",Twitter for Android,0,0,"Rio de Janeiro, Brasil"
185,#FORABOLSONAROğŸš©,2022-11-02 05:24:59+00:00,"@jnascim Gente, isso Ã© um absurdo!
Eu realmente estranhei a diferenÃ§a de votos entre um candidato e outro. No 1Â° tuâ€¦ https://t.co/rlEvzsV01n",Twitter for Android,102,19,Em Algum Lugar na TerrağŸŒğŸŒğŸŒ
186,"Queria ter paz, mas sou osasquense",2022-11-02 05:13:04+00:00,"O Bolsonaro faz o Lula parecer galÃ£ da Marvel.
Faz o AmoÃªdo parecer uma opÃ§Ã£o.
Faz a Tebet parecer amiga da florestâ€¦ https://t.co/osOMr3LRwk",Twitter for Android,0,0,Brasil
187,"Pitol, o Maior",2022-11-02 04:53:04+00:00,"@brunnagoncalves 
Lula 2t
Freixo

@TiagoAbravanel 
Tebet no 1Â° e Lula no 2Â°
Garcia no 1Â° e Haddad no 2Â°â€¦ https://t.co/Wg4c8pajld",Twitter for Android,0,0,
188,"Pitol, o Maior",2022-11-02 04:53:03+00:00,"BBB 22 (sÃ³ tem mala)

@LucianoEstevan 
Ciro 1Â° e Lula 2Â°
DÃ©cio Lima 1Â° e Jorginho 2Â°

@oficialmussi 
Bolsonaro 2t
Tâ€¦ https://t.co/wTHKC17sjW",Twitter for Android,0,0,
189,ana livia à²Œ ğŸ‡§ğŸ‡·,2022-11-02 03:33:38+00:00,"@anaruels @ballahalls_ @milenadiariox @tenhofriu @KarinaLapa2019 @Karem_Cardim ""Se quer bater em mulher, bate lÃ¡ foâ€¦ https://t.co/pSya5q4MRN",Twitter for Android,0,0,
190,Rodrigo Coimbra,2022-11-02 03:25:36+00:00,"@jaestiveansioso @thiagfvs A mÃ­dia criou isso. Esse Ã© o problema dos institutos de pesquisa, eles manipulam a opiniâ€¦ https://t.co/PjjFizl48j",Twitter Web App,1,0,"NiterÃ³i, Brasil"
